corridor_name,captures,violation_rate_pct,speeding_rate_pct,severe_speeding,mean_excess_when_speeding_mph,auto_issue,manual_review,fine_value_usd
Riverside Ave,1557,39.9500,31.0200,163,17.0100,42,549,140025.0000
Downtown Loop,1502,40.0800,32.0200,166,17.5700,32,550,138975.0000
Industrial Pkwy,1574,39.0100,31.0700,147,17.1600,32,565,137900.0000
5th St Corridor,1487,40.4200,32.8200,160,16.6800,40,539,136650.0000
Main St & Broadway,1495,40.2000,31.5100,159,17.2000,38,540,136000.0000
North Ring Rd,1519,39.5700,30.8100,139,16.3900,36,543,130100.0000
University Blvd,1555,37.4900,30.2300,145,16.9100,32,528,129650.0000
Harbor Bridge Approach,1489,38.2800,30.2200,140,16.6900,26,512,127275.0000
Lakeshore Dr,1499,37.7600,30.5500,135,16.0200,26,522,126250.0000
Highway 9 Interchange,1573,38.3300,30.2000,118,15.3500,28,543,125750.0000
