observation_month,captures,rules_violations,recorded_violations,citations,rules_violation_rate_pct
2022/06/01,356,144,86,72,40.4500
2022/07/01,366,153,95,66,41.8000
2022/08/01,334,125,85,51,37.4300
2022/09/01,317,122,104,62,38.4900
2022/10/01,375,133,102,72,35.4700
2022/11/01,373,158,117,66,42.3600
2022/12/01,378,145,100,75,38.3600
2023/01/01,382,150,103,67,39.2700
2023/02/01,351,137,106,63,39.0300
2023/03/01,362,137,106,71,37.8500
2023/04/01,323,116,99,57,35.9100
2023/05/01,366,131,119,66,35.7900
2023/06/01,328,128,104,48,39.0200
2023/07/01,365,133,99,69,36.4400
2023/08/01,373,140,102,73,37.5300
2023/09/01,372,156,103,83,41.9400
2023/10/01,370,150,113,82,40.5400
2023/11/01,362,139,99,69,38.4000
2023/12/01,355,136,102,70,38.3100
2024/01/01,337,146,110,61,43.3200
2024/02/01,314,130,81,68,41.4000
2024/03/01,356,125,96,74,35.1100
2024/04/01,361,141,100,70,39.0600
2024/05/01,367,157,101,80,42.7800
2024/06/01,320,127,93,66,39.6900
2024/07/01,347,134,90,73,38.6200
2024/08/01,374,138,84,77,36.9000
2024/09/01,329,127,89,69,38.6000
2024/10/01,318,137,106,51,43.0800
2024/11/01,384,141,110,88,36.7200
2024/12/01,355,151,107,56,42.5400
2025/01/01,347,153,101,68,44.0900
2025/02/01,307,115,87,53,37.4600
2025/03/01,327,138,92,63,42.2000
2025/04/01,337,132,100,76,39.1700
2025/05/01,376,147,115,72,39.1000
2025/06/01,349,134,93,71,38.4000
2025/07/01,319,116,92,67,36.3600
2025/08/01,344,136,95,75,39.5300
2025/09/01,310,138,97,57,44.5200
2025/10/01,385,136,108,65,35.3200
2025/11/01,356,126,104,74,35.3900
2025/12/01,340,129,81,71,37.9400
