corridor_name,00:00 to 04:00,04:00 to 07:00,07:00 to 09:00,09:00 to 12:00,12:00 to 15:00,15:00 to 18:00,18:00 to 21:00,21:00 to 24:00
5th St Corridor,42.8000,31.6000,32.6000,31.5000,31.5000,28.3000,33.2000,31.1000
Downtown Loop,29.6000,36.6000,29.2000,30.7000,31.9000,34.1000,32.7000,31.0000
Harbor Bridge Approach,31.0000,31.3000,29.0000,25.0000,31.5000,33.7000,34.8000,25.3000
Highway 9 Interchange,29.5000,29.8000,26.8000,30.5000,32.6000,29.8000,34.4000,28.7000
Industrial Pkwy,30.5000,30.0000,25.4000,37.7000,25.6000,33.9000,32.2000,33.2000
Lakeshore Dr,34.5000,24.0000,30.6000,35.5000,30.0000,33.3000,27.8000,28.6000
Main St & Broadway,34.7000,31.9000,29.6000,32.2000,35.6000,28.6000,24.4000,34.6000
North Ring Rd,32.6000,25.8000,36.3000,34.1000,32.4000,31.0000,24.2000,30.0000
Riverside Ave,36.4000,33.3000,30.5000,26.0000,29.5000,35.3000,27.5000,30.5000
University Blvd,28.1000,40.3000,31.7000,29.6000,28.8000,28.9000,29.4000,26.4000
