detection_threshold,ocr_threshold,auto_issue,auto_issue_pct,manual_review,false_positive_share_of_accepted_pct,review_hours_per_10k_captures
0.5000,0.5000,1351,22.7100,4372,3.7700,143.3000
0.5000,0.5500,1211,20.3500,4512,3.8900,147.9000
0.5000,0.6000,1072,18.0200,4651,3.6000,152.5000
0.5000,0.6500,945,15.8800,4778,3.8700,156.7000
0.5000,0.7000,808,13.5800,4915,3.4600,161.1000
0.5000,0.7500,672,11.2900,5051,3.7200,165.6000
0.5000,0.8000,537,9.0300,5186,3.4200,170.0000
0.5000,0.8500,421,7.0800,5302,3.2200,173.8000
0.5000,0.9000,263,4.4200,5460,3.6600,179.0000
0.5000,0.9500,131,2.2000,5592,1.5000,183.3000
0.6000,0.5000,1112,18.6900,4611,3.7200,151.2000
0.6000,0.5500,994,16.7100,4729,3.7800,155.0000
0.6000,0.6000,887,14.9100,4836,3.3800,158.6000
0.6000,0.6500,780,13.1100,4943,3.5800,162.1000
0.6000,0.7000,663,11.1400,5060,3.2100,165.9000
0.6000,0.7500,560,9.4100,5163,3.2800,169.3000
0.6000,0.8000,446,7.5000,5277,3.0400,173.0000
0.6000,0.8500,347,5.8300,5376,2.8000,176.3000
0.6000,0.9000,213,3.5800,5510,3.6200,180.7000
0.6000,0.9500,105,1.7600,5618,1.8700,184.2000
0.7000,0.5000,827,13.9000,4896,3.2700,160.5000
0.7000,0.5500,735,12.3500,4988,3.2900,163.5000
0.7000,0.6000,658,11.0600,5065,3.0900,166.1000
0.7000,0.6500,578,9.7100,5145,3.3400,168.7000
0.7000,0.7000,492,8.2700,5231,2.7700,171.5000
0.7000,0.7500,421,7.0800,5302,2.7700,173.8000
0.7000,0.8000,332,5.5800,5391,2.9200,176.8000
0.7000,0.8500,256,4.3000,5467,2.6600,179.2000
0.7000,0.9000,155,2.6100,5568,3.7300,182.6000
0.7000,0.9500,78,1.3100,5645,1.2700,185.1000
0.8000,0.5000,560,9.4100,5163,2.6100,169.3000
0.8000,0.5500,507,8.5200,5216,2.5000,171.0000
0.8000,0.6000,450,7.5600,5273,2.3900,172.9000
0.8000,0.6500,402,6.7600,5321,2.4300,174.5000
0.8000,0.7000,340,5.7100,5383,2.0200,176.5000
0.8000,0.7500,287,4.8200,5436,2.0500,178.2000
0.8000,0.8000,217,3.6500,5506,1.8100,180.5000
0.8000,0.8500,170,2.8600,5553,2.3000,182.1000
0.8000,0.9000,108,1.8200,5615,2.7000,184.1000
0.8000,0.9500,60,1.0100,5663,1.6400,185.7000
0.9000,0.5000,263,4.4200,5460,2.5900,179.0000
0.9000,0.5500,232,3.9000,5491,2.1100,180.0000
0.9000,0.6000,208,3.5000,5515,2.3500,180.8000
0.9000,0.6500,184,3.0900,5539,2.6500,181.6000
0.9000,0.7000,153,2.5700,5570,2.5500,182.6000
0.9000,0.7500,130,2.1800,5593,2.2600,183.4000
0.9000,0.8000,101,1.7000,5622,1.9400,184.3000
0.9000,0.8500,79,1.3300,5644,2.4700,185.0000
0.9000,0.9000,57,0.9600,5666,1.7200,185.8000
0.9000,0.9500,35,0.5900,5688,0.0000,186.5000
